week_start,part_id,units_demanded,service_center_region,vehicle_type,service_campaign
2024-01-01,P001,3,West,Compact EV,0
2024-01-08,P001,3,West,Compact EV,0
2024-01-15,P001,4,Central,Compact EV,1
2024-01-22,P001,4,North,Compact EV,0
2024-01-29,P001,4,West,Compact EV,0
2024-02-05,P001,5,South,Compact EV,0
2024-02-12,P001,2,North,Compact EV,0
2024-02-19,P001,3,West,Delivery EV,0
2024-02-26,P001,5,North,Premium EV,0
2024-03-04,P001,1,West,Compact EV,0
2024-03-11,P001,2,South,Premium EV,0
2024-03-18,P001,4,Central,SUV EV,0
2024-03-25,P001,6,Central,Delivery EV,1
2024-04-01,P001,6,South,Delivery EV,0
2024-04-08,P001,5,East,Premium EV,0
2024-04-15,P001,10,West,Premium EV,0
2024-04-22,P001,7,Central,SUV EV,0
2024-04-29,P001,9,West,Compact EV,1
2024-05-06,P001,8,South,Compact EV,1
2024-05-13,P001,4,North,SUV EV,0
2024-05-20,P001,2,East,SUV EV,0
2024-05-27,P001,2,East,Compact EV,0
2024-06-03,P001,4,West,Compact EV,0
2024-06-10,P001,7,East,SUV EV,1
2024-06-17,P001,3,North,Premium EV,0
2024-06-24,P001,4,Central,Compact EV,0
2024-07-01,P001,6,West,Compact EV,0
2024-07-08,P001,4,East,Premium EV,0
2024-07-15,P001,5,South,Premium EV,0
2024-07-22,P001,5,West,SUV EV,0
2024-07-29,P001,7,East,Delivery EV,1
2024-08-05,P001,11,West,SUV EV,0
2024-08-12,P001,8,Central,Compact EV,1
2024-08-19,P001,9,North,Premium EV,0
2024-08-26,P001,4,Central,SUV EV,0
2024-09-02,P001,6,Central,SUV EV,0
2024-09-09,P001,5,Central,Compact EV,0
2024-09-16,P001,2,North,Premium EV,0
2024-09-23,P001,5,North,Delivery EV,0
2024-09-30,P001,14,Central,Compact EV,0
2024-10-07,P001,4,North,Compact EV,0
2024-10-14,P001,7,South,Delivery EV,0
2024-10-21,P001,7,West,SUV EV,1
2024-10-28,P001,4,West,Delivery EV,0
2024-11-04,P001,8,West,Compact EV,0
2024-11-11,P001,8,South,Delivery EV,0
2024-11-18,P001,2,North,SUV EV,0
2024-11-25,P001,7,East,Premium EV,1
2024-12-02,P001,6,West,Premium EV,0
2024-12-09,P001,12,North,Delivery EV,1
2024-12-16,P001,6,West,Compact EV,0
2024-12-23,P001,8,South,Delivery EV,0
2024-12-30,P001,7,Central,SUV EV,0
2025-01-06,P001,4,South,SUV EV,0
2025-01-13,P001,7,North,Premium EV,0
2025-01-20,P001,10,West,SUV EV,0
2025-01-27,P001,7,Central,Compact EV,0
2025-02-03,P001,9,East,Compact EV,0
2025-02-10,P001,6,East,SUV EV,0
2025-02-17,P001,13,South,Compact EV,1
2025-02-24,P001,4,South,Delivery EV,0
2025-03-03,P001,6,North,Premium EV,0
2025-03-10,P001,4,West,Premium EV,0
2025-03-17,P001,6,South,Premium EV,0
2025-03-24,P001,8,East,Premium EV,0
2025-03-31,P001,9,South,SUV EV,1
2025-04-07,P001,7,South,SUV EV,0
2025-04-14,P001,7,North,SUV EV,0
2025-04-21,P001,10,North,SUV EV,0
2025-04-28,P001,8,East,SUV EV,0
2025-05-05,P001,10,West,Delivery EV,1
2025-05-12,P001,13,East,SUV EV,0
2025-05-19,P001,8,North,Premium EV,0
2025-05-26,P001,8,South,Compact EV,0
2025-06-02,P001,7,South,Premium EV,0
2025-06-09,P001,8,East,Compact EV,0
2025-06-16,P001,7,Central,Premium EV,0
2025-06-23,P001,5,East,Compact EV,0
2024-01-01,P002,5,West,Premium EV,0
2024-01-08,P002,7,Central,SUV EV,0
2024-01-15,P002,10,East,SUV EV,0
2024-01-22,P002,12,West,SUV EV,0
2024-01-29,P002,8,West,Premium EV,0
2024-02-05,P002,9,East,Compact EV,0
2024-02-12,P002,9,West,SUV EV,0
2024-02-19,P002,5,South,Premium EV,0
2024-02-26,P002,8,North,Compact EV,0
2024-03-04,P002,10,Central,Delivery EV,0
2024-03-11,P002,6,West,SUV EV,0
2024-03-18,P002,11,East,SUV EV,0
2024-03-25,P002,9,West,Premium EV,0
2024-04-01,P002,10,East,Compact EV,1
2024-04-08,P002,5,South,Premium EV,0
2024-04-15,P002,12,West,Delivery EV,1
2024-04-22,P002,12,South,SUV EV,0
2024-04-29,P002,12,South,Compact EV,0
2024-05-06,P002,9,South,SUV EV,0
2024-05-13,P002,7,East,SUV EV,0
2024-05-20,P002,9,West,Premium EV,0
2024-05-27,P002,14,West,Premium EV,0
2024-06-03,P002,11,Central,SUV EV,0
2024-06-10,P002,11,West,Compact EV,0
2024-06-17,P002,11,South,SUV EV,0
2024-06-24,P002,9,Central,Premium EV,0
2024-07-01,P002,8,Central,Compact EV,0
2024-07-08,P002,12,North,Compact EV,1
2024-07-15,P002,13,East,Premium EV,1
2024-07-22,P002,13,North,Delivery EV,0
2024-07-29,P002,13,South,Compact EV,0
2024-08-05,P002,18,Central,SUV EV,0
2024-08-12,P002,7,East,Delivery EV,0
2024-08-19,P002,23,West,Premium EV,1
2024-08-26,P002,16,East,SUV EV,0
2024-09-02,P002,17,South,Premium EV,0
2024-09-09,P002,10,Central,Premium EV,0
2024-09-16,P002,13,West,Compact EV,0
2024-09-23,P002,17,Central,SUV EV,0
2024-09-30,P002,14,Central,Compact EV,1
2024-10-07,P002,14,North,Premium EV,0
2024-10-14,P002,12,North,Compact EV,0
2024-10-21,P002,11,Central,Compact EV,0
2024-10-28,P002,12,West,Delivery EV,0
2024-11-04,P002,11,East,Delivery EV,0
2024-11-11,P002,20,West,Premium EV,1
2024-11-18,P002,18,East,Compact EV,0
2024-11-25,P002,10,Central,Compact EV,0
2024-12-02,P002,16,North,Compact EV,1
2024-12-09,P002,11,North,SUV EV,0
2024-12-16,P002,12,North,Compact EV,0
2024-12-23,P002,22,South,SUV EV,0
2024-12-30,P002,12,South,SUV EV,0
2025-01-06,P002,25,East,Premium EV,1
2025-01-13,P002,17,Central,Premium EV,0
2025-01-20,P002,20,East,Delivery EV,0
2025-01-27,P002,20,South,Compact EV,0
2025-02-03,P002,26,South,Compact EV,0
2025-02-10,P002,19,West,SUV EV,0
2025-02-17,P002,13,Central,SUV EV,0
2025-02-24,P002,22,West,Compact EV,1
2025-03-03,P002,11,South,SUV EV,0
2025-03-10,P002,15,Central,Compact EV,0
2025-03-17,P002,23,East,Compact EV,1
2025-03-24,P002,19,South,Compact EV,0
2025-03-31,P002,16,West,Premium EV,0
2025-04-07,P002,17,South,Compact EV,0
2025-04-14,P002,17,East,SUV EV,0
2025-04-21,P002,21,West,Premium EV,0
2025-04-28,P002,14,East,Delivery EV,0
2025-05-05,P002,17,Central,SUV EV,0
2025-05-12,P002,17,South,Compact EV,0
2025-05-19,P002,20,West,SUV EV,0
2025-05-26,P002,18,Central,Compact EV,1
2025-06-02,P002,19,Central,Compact EV,0
2025-06-09,P002,26,North,Compact EV,0
2025-06-16,P002,20,North,Compact EV,0
2025-06-23,P002,16,East,Delivery EV,0
2024-01-01,P003,11,West,Premium EV,0
2024-01-08,P003,3,Central,Compact EV,0
2024-01-15,P003,6,West,Compact EV,0
2024-01-22,P003,4,South,Delivery EV,0
2024-01-29,P003,10,East,Premium EV,1
2024-02-05,P003,8,West,SUV EV,0
2024-02-12,P003,6,North,Premium EV,0
2024-02-19,P003,10,South,SUV EV,0
2024-02-26,P003,9,West,Delivery EV,0
2024-03-04,P003,7,North,Premium EV,0
2024-03-11,P003,4,North,Premium EV,0
2024-03-18,P003,4,South,SUV EV,0
2024-03-25,P003,6,East,Premium EV,0
2024-04-01,P003,7,South,Compact EV,0
2024-04-08,P003,3,East,Compact EV,0
2024-04-15,P003,4,South,Compact EV,0
2024-04-22,P003,7,South,Compact EV,1
2024-04-29,P003,10,North,Premium EV,0
2024-05-06,P003,10,North,Delivery EV,0
2024-05-13,P003,10,Central,Premium EV,1
2024-05-20,P003,2,West,SUV EV,0
2024-05-27,P003,5,East,SUV EV,0
2024-06-03,P003,6,South,Compact EV,0
2024-06-10,P003,9,Central,Delivery EV,0
2024-06-17,P003,4,Central,SUV EV,0
2024-06-24,P003,9,West,Compact EV,0
2024-07-01,P003,8,South,Compact EV,0
2024-07-08,P003,10,West,Compact EV,0
2024-07-15,P003,6,East,Delivery EV,0
2024-07-22,P003,5,North,SUV EV,0
2024-07-29,P003,9,East,SUV EV,0
2024-08-05,P003,9,West,Compact EV,0
2024-08-12,P003,10,South,SUV EV,0
2024-08-19,P003,6,North,Premium EV,0
2024-08-26,P003,6,West,Delivery EV,0
2024-09-02,P003,5,West,Premium EV,0
2024-09-09,P003,3,Central,Compact EV,0
2024-09-16,P003,9,West,Delivery EV,0
2024-09-23,P003,8,South,Compact EV,0
2024-09-30,P003,10,East,SUV EV,0
2024-10-07,P003,2,North,Compact EV,0
2024-10-14,P003,7,East,SUV EV,0
2024-10-21,P003,4,East,Premium EV,0
2024-10-28,P003,5,West,SUV EV,0
2024-11-04,P003,5,South,Compact EV,0
2024-11-11,P003,7,South,Compact EV,1
2024-11-18,P003,8,Central,Delivery EV,0
2024-11-25,P003,4,South,Compact EV,0
2024-12-02,P003,8,North,Delivery EV,0
2024-12-09,P003,6,East,SUV EV,0
2024-12-16,P003,6,North,Premium EV,0
2024-12-23,P003,3,South,SUV EV,0
2024-12-30,P003,9,West,Delivery EV,1
2025-01-06,P003,4,West,Premium EV,0
2025-01-13,P003,9,West,Compact EV,0
2025-01-20,P003,5,South,Delivery EV,0
2025-01-27,P003,9,Central,Compact EV,0
2025-02-03,P003,7,Central,Compact EV,1
2025-02-10,P003,10,Central,Compact EV,0
2025-02-17,P003,8,South,Premium EV,0
2025-02-24,P003,10,North,Delivery EV,0
2025-03-03,P003,6,West,Premium EV,0
2025-03-10,P003,2,Central,Compact EV,0
2025-03-17,P003,6,South,SUV EV,0
2025-03-24,P003,7,Central,Premium EV,0
2025-03-31,P003,7,North,SUV EV,1
2025-04-07,P003,10,Central,Compact EV,0
2025-04-14,P003,2,Central,Premium EV,0
2025-04-21,P003,10,South,Delivery EV,1
2025-04-28,P003,1,West,Compact EV,0
2025-05-05,P003,4,West,Compact EV,0
2025-05-12,P003,8,South,Delivery EV,0
2025-05-19,P003,4,East,Delivery EV,0
2025-05-26,P003,6,East,Premium EV,0
2025-06-02,P003,5,Central,Compact EV,0
2025-06-09,P003,6,North,SUV EV,0
2025-06-16,P003,8,West,Compact EV,0
2025-06-23,P003,5,West,SUV EV,0
2024-01-01,P004,3,East,Delivery EV,0
2024-01-08,P004,8,North,SUV EV,0
2024-01-15,P004,6,North,SUV EV,0
2024-01-22,P004,11,West,SUV EV,1
2024-01-29,P004,7,West,Premium EV,0
2024-02-05,P004,13,East,Premium EV,0
2024-02-12,P004,8,West,Compact EV,0
2024-02-19,P004,10,West,Delivery EV,0
2024-02-26,P004,9,South,Compact EV,0
2024-03-04,P004,9,Central,Compact EV,0
2024-03-11,P004,17,West,Compact EV,0
2024-03-18,P004,14,Central,SUV EV,0
2024-03-25,P004,6,North,Compact EV,0
2024-04-01,P004,17,North,Delivery EV,1
2024-04-08,P004,10,West,SUV EV,0
2024-04-15,P004,17,Central,Compact EV,1
2024-04-22,P004,10,North,Delivery EV,0
2024-04-29,P004,11,West,Delivery EV,0
2024-05-06,P004,7,West,SUV EV,0
2024-05-13,P004,12,Central,SUV EV,0
2024-05-20,P004,7,West,SUV EV,0
2024-05-27,P004,19,North,SUV EV,0
2024-06-03,P004,5,North,Compact EV,0
2024-06-10,P004,17,South,Delivery EV,0
2024-06-17,P004,12,East,SUV EV,0
2024-06-24,P004,13,North,Compact EV,0
2024-07-01,P004,3,South,SUV EV,0
2024-07-08,P004,9,North,SUV EV,0
2024-07-15,P004,14,East,Delivery EV,0
2024-07-22,P004,19,West,Premium EV,0
2024-07-29,P004,18,Central,Compact EV,1
2024-08-05,P004,5,North,SUV EV,0
2024-08-12,P004,8,West,SUV EV,0
2024-08-19,P004,13,North,SUV EV,0
2024-08-26,P004,17,Central,Premium EV,0
2024-09-02,P004,15,South,Compact EV,0
2024-09-09,P004,10,East,Premium EV,0
2024-09-16,P004,18,West,Compact EV,0
2024-09-23,P004,15,Central,Premium EV,0
2024-09-30,P004,14,West,SUV EV,0
2024-10-07,P004,14,North,Compact EV,0
2024-10-14,P004,14,East,SUV EV,0
2024-10-21,P004,18,East,SUV EV,0
2024-10-28,P004,17,North,SUV EV,0
2024-11-04,P004,11,Central,Delivery EV,0
2024-11-11,P004,11,West,SUV EV,0
2024-11-18,P004,14,East,Compact EV,0
2024-11-25,P004,17,West,SUV EV,0
2024-12-02,P004,10,South,SUV EV,0
2024-12-09,P004,15,East,SUV EV,0
2024-12-16,P004,16,Central,Premium EV,0
2024-12-23,P004,15,West,Delivery EV,0
2024-12-30,P004,10,West,Compact EV,0
2025-01-06,P004,21,Central,Premium EV,1
2025-01-13,P004,17,Central,Compact EV,0
2025-01-20,P004,15,West,Premium EV,0
2025-01-27,P004,13,Central,SUV EV,0
2025-02-03,P004,18,North,Premium EV,0
2025-02-10,P004,16,East,Compact EV,0
2025-02-17,P004,19,East,Delivery EV,0
2025-02-24,P004,19,Central,Premium EV,0
2025-03-03,P004,10,North,Delivery EV,0
2025-03-10,P004,18,West,SUV EV,1
2025-03-17,P004,20,East,Compact EV,0
2025-03-24,P004,18,North,SUV EV,0
2025-03-31,P004,26,West,Premium EV,0
2025-04-07,P004,15,West,Compact EV,0
2025-04-14,P004,17,East,SUV EV,0
2025-04-21,P004,22,South,Compact EV,0
2025-04-28,P004,18,East,Compact EV,0
2025-05-05,P004,28,East,Premium EV,1
2025-05-12,P004,24,Central,Premium EV,0
2025-05-19,P004,27,North,Premium EV,0
2025-05-26,P004,23,East,Compact EV,0
2025-06-02,P004,21,North,SUV EV,0
2025-06-09,P004,24,South,Premium EV,0
2025-06-16,P004,17,East,Premium EV,0
2025-06-23,P004,25,Central,SUV EV,1
2024-01-01,P005,20,East,SUV EV,0
2024-01-08,P005,26,South,Premium EV,0
2024-01-15,P005,29,South,Premium EV,0
2024-01-22,P005,32,West,Compact EV,0
2024-01-29,P005,23,South,Compact EV,0
2024-02-05,P005,23,South,Premium EV,0
2024-02-12,P005,27,South,SUV EV,0
2024-02-19,P005,34,West,Compact EV,0
2024-02-26,P005,20,West,SUV EV,0
2024-03-04,P005,40,West,Premium EV,1
2024-03-11,P005,25,Central,Premium EV,0
2024-03-18,P005,34,North,Compact EV,0
2024-03-25,P005,26,Central,SUV EV,0
2024-04-01,P005,31,South,SUV EV,0
2024-04-08,P005,21,West,Delivery EV,0
2024-04-15,P005,29,North,Premium EV,0
2024-04-22,P005,37,East,Compact EV,0
2024-04-29,P005,25,North,Delivery EV,0
2024-05-06,P005,24,South,SUV EV,0
2024-05-13,P005,28,South,Compact EV,0
2024-05-20,P005,23,North,Delivery EV,0
2024-05-27,P005,12,North,Compact EV,0
2024-06-03,P005,27,South,Delivery EV,0
2024-06-10,P005,14,North,Compact EV,0
2024-06-17,P005,27,West,SUV EV,0
2024-06-24,P005,25,Central,Delivery EV,0
2024-07-01,P005,29,Central,SUV EV,0
2024-07-08,P005,16,South,SUV EV,0
2024-07-15,P005,22,West,SUV EV,0
2024-07-22,P005,23,East,Premium EV,1
2024-07-29,P005,24,Central,Premium EV,0
2024-08-05,P005,24,East,Premium EV,0
2024-08-12,P005,29,North,Delivery EV,1
2024-08-19,P005,15,Central,SUV EV,0
2024-08-26,P005,12,East,Premium EV,0
2024-09-02,P005,27,Central,SUV EV,0
2024-09-09,P005,29,Central,Compact EV,0
2024-09-16,P005,29,North,Compact EV,0
2024-09-23,P005,26,East,Compact EV,1
2024-09-30,P005,30,Central,Delivery EV,0
2024-10-07,P005,37,West,Compact EV,1
2024-10-14,P005,29,South,Premium EV,0
2024-10-21,P005,25,South,Premium EV,0
2024-10-28,P005,32,East,Compact EV,0
2024-11-04,P005,25,Central,Compact EV,0
2024-11-11,P005,24,East,SUV EV,0
2024-11-18,P005,24,West,Premium EV,0
2024-11-25,P005,42,North,Premium EV,1
2024-12-02,P005,24,West,Premium EV,0
2024-12-09,P005,33,North,Compact EV,1
2024-12-16,P005,24,East,SUV EV,0
2024-12-23,P005,30,South,Delivery EV,0
2024-12-30,P005,29,South,Compact EV,0
2025-01-06,P005,21,West,SUV EV,0
2025-01-13,P005,23,North,SUV EV,0
2025-01-20,P005,33,South,Premium EV,0
2025-01-27,P005,32,North,SUV EV,0
2025-02-03,P005,25,Central,Premium EV,0
2025-02-10,P005,24,Central,Premium EV,0
2025-02-17,P005,20,West,Compact EV,0
2025-02-24,P005,19,North,Premium EV,0
2025-03-03,P005,20,North,Compact EV,0
2025-03-10,P005,16,West,Delivery EV,0
2025-03-17,P005,22,North,SUV EV,0
2025-03-24,P005,28,South,Premium EV,0
2025-03-31,P005,36,North,SUV EV,0
2025-04-07,P005,35,Central,Compact EV,1
2025-04-14,P005,27,North,SUV EV,0
2025-04-21,P005,21,North,Compact EV,0
2025-04-28,P005,33,South,Premium EV,0
2025-05-05,P005,24,West,Compact EV,0
2025-05-12,P005,30,Central,Delivery EV,0
2025-05-19,P005,23,West,SUV EV,0
2025-05-26,P005,29,South,SUV EV,0
2025-06-02,P005,16,Central,Premium EV,0
2025-06-09,P005,37,North,Compact EV,0
2025-06-16,P005,19,North,Compact EV,0
2025-06-23,P005,21,East,SUV EV,0
2024-01-01,P006,6,West,Compact EV,0
2024-01-08,P006,5,East,SUV EV,0
2024-01-15,P006,3,West,Delivery EV,0
2024-01-22,P006,9,Central,Delivery EV,0
2024-01-29,P006,6,East,SUV EV,0
2024-02-05,P006,6,West,Compact EV,0
2024-02-12,P006,4,East,SUV EV,0
2024-02-19,P006,5,West,Delivery EV,0
2024-02-26,P006,8,North,SUV EV,0
2024-03-04,P006,10,West,Premium EV,1
2024-03-11,P006,4,West,SUV EV,1
2024-03-18,P006,5,North,Compact EV,0
2024-03-25,P006,6,South,Delivery EV,0
2024-04-01,P006,7,South,SUV EV,0
2024-04-08,P006,9,South,SUV EV,0
2024-04-15,P006,7,Central,SUV EV,0
2024-04-22,P006,3,North,Compact EV,0
2024-04-29,P006,5,West,SUV EV,0
2024-05-06,P006,4,Central,SUV EV,0
2024-05-13,P006,10,East,Premium EV,0
2024-05-20,P006,6,North,Compact EV,0
2024-05-27,P006,4,Central,Premium EV,0
2024-06-03,P006,3,East,Premium EV,0
2024-06-10,P006,6,East,Compact EV,1
2024-06-17,P006,12,Central,Premium EV,0
2024-06-24,P006,15,South,Compact EV,0
2024-07-01,P006,13,North,Premium EV,0
2024-07-08,P006,8,South,SUV EV,1
2024-07-15,P006,8,West,Premium EV,1
2024-07-22,P006,5,West,Compact EV,0
2024-07-29,P006,8,East,SUV EV,0
2024-08-05,P006,12,Central,Premium EV,0
2024-08-12,P006,12,North,Compact EV,0
2024-08-19,P006,9,Central,Premium EV,0
2024-08-26,P006,6,Central,Delivery EV,0
2024-09-02,P006,12,East,Delivery EV,0
2024-09-09,P006,8,East,Premium EV,0
2024-09-16,P006,3,South,Premium EV,0
2024-09-23,P006,5,East,SUV EV,0
2024-09-30,P006,14,South,Compact EV,1
2024-10-07,P006,17,East,Compact EV,0
2024-10-14,P006,12,West,Premium EV,0
2024-10-21,P006,13,East,Compact EV,0
2024-10-28,P006,12,East,Compact EV,0
2024-11-04,P006,14,South,Compact EV,0
2024-11-11,P006,9,Central,Compact EV,0
2024-11-18,P006,7,South,Premium EV,0
2024-11-25,P006,11,South,SUV EV,0
2024-12-02,P006,11,North,SUV EV,0
2024-12-09,P006,12,Central,SUV EV,1
2024-12-16,P006,13,East,Delivery EV,0
2024-12-23,P006,7,Central,Delivery EV,0
2024-12-30,P006,12,South,SUV EV,1
2025-01-06,P006,11,West,SUV EV,0
2025-01-13,P006,10,West,SUV EV,0
2025-01-20,P006,14,Central,SUV EV,0
2025-01-27,P006,13,North,Premium EV,0
2025-02-03,P006,7,Central,Compact EV,0
2025-02-10,P006,8,Central,SUV EV,0
2025-02-17,P006,10,East,Delivery EV,0
2025-02-24,P006,12,Central,Premium EV,1
2025-03-03,P006,13,Central,Delivery EV,0
2025-03-10,P006,9,South,Premium EV,0
2025-03-17,P006,15,North,SUV EV,0
2025-03-24,P006,10,East,Compact EV,0
2025-03-31,P006,9,East,SUV EV,0
2025-04-07,P006,15,South,Premium EV,0
2025-04-14,P006,11,South,Compact EV,0
2025-04-21,P006,9,East,SUV EV,0
2025-04-28,P006,16,West,Compact EV,1
2025-05-05,P006,9,West,Premium EV,0
2025-05-12,P006,14,West,SUV EV,0
2025-05-19,P006,12,East,Premium EV,0
2025-05-26,P006,14,South,Compact EV,0
2025-06-02,P006,12,North,Compact EV,0
2025-06-09,P006,10,East,Compact EV,0
2025-06-16,P006,15,West,Premium EV,0
2025-06-23,P006,16,East,Compact EV,0
2024-01-01,P007,12,South,Delivery EV,0
2024-01-08,P007,13,East,Compact EV,0
2024-01-15,P007,15,Central,SUV EV,0
2024-01-22,P007,11,South,Delivery EV,0
2024-01-29,P007,11,Central,Compact EV,0
2024-02-05,P007,21,North,Premium EV,1
2024-02-12,P007,12,West,Premium EV,0
2024-02-19,P007,10,North,Premium EV,0
2024-02-26,P007,16,West,Compact EV,1
2024-03-04,P007,12,South,Compact EV,0
2024-03-11,P007,11,North,SUV EV,0
2024-03-18,P007,4,West,SUV EV,0
2024-03-25,P007,17,East,SUV EV,0
2024-04-01,P007,20,East,Premium EV,0
2024-04-08,P007,14,East,Delivery EV,0
2024-04-15,P007,7,North,Premium EV,0
2024-04-22,P007,19,South,Premium EV,0
2024-04-29,P007,14,West,Delivery EV,0
2024-05-06,P007,24,South,Compact EV,0
2024-05-13,P007,15,Central,SUV EV,0
2024-05-20,P007,13,Central,Premium EV,0
2024-05-27,P007,17,North,Compact EV,0
2024-06-03,P007,6,Central,Premium EV,0
2024-06-10,P007,11,Central,SUV EV,0
2024-06-17,P007,10,Central,Delivery EV,0
2024-06-24,P007,13,Central,Compact EV,0
2024-07-01,P007,15,West,SUV EV,0
2024-07-08,P007,6,East,Premium EV,0
2024-07-15,P007,16,West,SUV EV,0
2024-07-22,P007,15,East,Delivery EV,0
2024-07-29,P007,17,Central,Compact EV,0
2024-08-05,P007,10,West,Delivery EV,0
2024-08-12,P007,10,South,SUV EV,0
2024-08-19,P007,13,North,Compact EV,0
2024-08-26,P007,11,East,Compact EV,0
2024-09-02,P007,11,Central,Premium EV,0
2024-09-09,P007,19,West,SUV EV,0
2024-09-16,P007,12,South,SUV EV,1
2024-09-23,P007,13,East,SUV EV,0
2024-09-30,P007,15,West,Compact EV,0
2024-10-07,P007,13,East,SUV EV,0
2024-10-14,P007,13,East,Delivery EV,0
2024-10-21,P007,15,West,SUV EV,0
2024-10-28,P007,9,North,Premium EV,0
2024-11-04,P007,16,North,Compact EV,0
2024-11-11,P007,11,East,Compact EV,0
2024-11-18,P007,24,South,Delivery EV,0
2024-11-25,P007,4,North,Compact EV,0
2024-12-02,P007,15,South,SUV EV,0
2024-12-09,P007,9,West,SUV EV,0
2024-12-16,P007,16,West,Premium EV,0
2024-12-23,P007,9,Central,SUV EV,1
2024-12-30,P007,10,Central,Delivery EV,0
2025-01-06,P007,16,West,Compact EV,0
2025-01-13,P007,17,West,SUV EV,0
2025-01-20,P007,12,South,Compact EV,0
2025-01-27,P007,13,Central,Compact EV,0
2025-02-03,P007,15,West,Compact EV,1
2025-02-10,P007,17,West,Compact EV,0
2025-02-17,P007,14,South,Compact EV,0
2025-02-24,P007,15,South,Premium EV,1
2025-03-03,P007,10,South,SUV EV,0
2025-03-10,P007,13,Central,SUV EV,0
2025-03-17,P007,7,South,SUV EV,0
2025-03-24,P007,12,North,Premium EV,0
2025-03-31,P007,16,West,Compact EV,0
2025-04-07,P007,18,South,Delivery EV,0
2025-04-14,P007,21,West,Compact EV,1
2025-04-21,P007,11,North,SUV EV,0
2025-04-28,P007,10,Central,SUV EV,0
2025-05-05,P007,12,South,SUV EV,0
2025-05-12,P007,13,East,SUV EV,0
2025-05-19,P007,10,South,Compact EV,0
2025-05-26,P007,16,Central,Compact EV,1
2025-06-02,P007,13,South,SUV EV,0
2025-06-09,P007,14,Central,Delivery EV,0
2025-06-16,P007,14,South,SUV EV,0
2025-06-23,P007,15,Central,Premium EV,0
2024-01-01,P008,23,Central,Compact EV,0
2024-01-08,P008,34,Central,Delivery EV,0
2024-01-15,P008,22,East,Compact EV,0
2024-01-22,P008,23,Central,Delivery EV,0
2024-01-29,P008,25,North,SUV EV,0
2024-02-05,P008,23,West,Compact EV,0
2024-02-12,P008,25,East,Delivery EV,0
2024-02-19,P008,22,North,SUV EV,0
2024-02-26,P008,27,East,SUV EV,0
2024-03-04,P008,26,West,Premium EV,0
2024-03-11,P008,30,East,SUV EV,0
2024-03-18,P008,23,East,Compact EV,0
2024-03-25,P008,36,South,Compact EV,0
2024-04-01,P008,27,East,SUV EV,0
2024-04-08,P008,19,East,Delivery EV,0
2024-04-15,P008,19,West,Compact EV,0
2024-04-22,P008,24,East,Delivery EV,0
2024-04-29,P008,31,West,SUV EV,1
2024-05-06,P008,31,West,SUV EV,1
2024-05-13,P008,21,North,Compact EV,0
2024-05-20,P008,20,East,Compact EV,0
2024-05-27,P008,12,East,SUV EV,0
2024-06-03,P008,20,North,SUV EV,0
2024-06-10,P008,23,West,SUV EV,0
2024-06-17,P008,20,North,Delivery EV,0
2024-06-24,P008,21,Central,Compact EV,0
2024-07-01,P008,18,West,Compact EV,0
2024-07-08,P008,16,North,Compact EV,0
2024-07-15,P008,13,East,Compact EV,0
2024-07-22,P008,23,North,SUV EV,0
2024-07-29,P008,14,East,SUV EV,0
2024-08-05,P008,20,North,Premium EV,0
2024-08-12,P008,19,West,Premium EV,0
2024-08-19,P008,28,South,Delivery EV,0
2024-08-26,P008,18,East,SUV EV,0
2024-09-02,P008,27,North,Compact EV,0
2024-09-09,P008,20,Central,Compact EV,0
2024-09-16,P008,19,South,SUV EV,0
2024-09-23,P008,25,Central,Delivery EV,0
2024-09-30,P008,14,East,SUV EV,0
2024-10-07,P008,22,West,Delivery EV,0
2024-10-14,P008,17,East,Delivery EV,0
2024-10-21,P008,19,North,SUV EV,0
2024-10-28,P008,9,South,Compact EV,0
2024-11-04,P008,18,Central,Compact EV,0
2024-11-11,P008,20,East,Compact EV,0
2024-11-18,P008,17,South,Compact EV,0
2024-11-25,P008,9,Central,Delivery EV,0
2024-12-02,P008,13,South,Compact EV,0
2024-12-09,P008,18,East,SUV EV,0
2024-12-16,P008,15,North,Compact EV,0
2024-12-23,P008,16,North,Compact EV,0
2024-12-30,P008,18,Central,Compact EV,0
2025-01-06,P008,18,West,SUV EV,0
2025-01-13,P008,15,West,SUV EV,0
2025-01-20,P008,25,Central,Compact EV,0
2025-01-27,P008,11,South,SUV EV,0
2025-02-03,P008,13,Central,Compact EV,0
2025-02-10,P008,19,North,SUV EV,0
2025-02-17,P008,16,East,Compact EV,0
2025-02-24,P008,13,East,SUV EV,0
2025-03-03,P008,19,Central,SUV EV,0
2025-03-10,P008,15,Central,Delivery EV,0
2025-03-17,P008,12,East,Premium EV,0
2025-03-24,P008,21,North,Premium EV,0
2025-03-31,P008,11,East,Premium EV,0
2025-04-07,P008,13,East,Compact EV,0
2025-04-14,P008,13,South,SUV EV,0
2025-04-21,P008,12,Central,Compact EV,0
2025-04-28,P008,9,North,SUV EV,0
2025-05-05,P008,15,South,Delivery EV,0
2025-05-12,P008,12,South,Premium EV,0
2025-05-19,P008,7,North,Compact EV,0
2025-05-26,P008,16,North,Compact EV,0
2025-06-02,P008,15,East,Compact EV,0
2025-06-09,P008,7,South,Compact EV,0
2025-06-16,P008,12,North,Compact EV,0
2025-06-23,P008,7,West,SUV EV,0
2024-01-01,P009,6,North,Delivery EV,0
2024-01-08,P009,8,North,Compact EV,0
2024-01-15,P009,3,Central,Compact EV,0
2024-01-22,P009,9,North,Compact EV,0
2024-01-29,P009,5,East,Compact EV,0
2024-02-05,P009,6,North,SUV EV,0
2024-02-12,P009,6,East,Compact EV,0
2024-02-19,P009,11,East,SUV EV,0
2024-02-26,P009,10,East,Premium EV,0
2024-03-04,P009,9,North,Premium EV,1
2024-03-11,P009,13,West,Premium EV,0
2024-03-18,P009,7,Central,Compact EV,0
2024-03-25,P009,2,North,Compact EV,0
2024-04-01,P009,5,Central,SUV EV,0
2024-04-08,P009,11,South,Compact EV,0
2024-04-15,P009,5,East,Compact EV,1
2024-04-22,P009,2,West,SUV EV,0
2024-04-29,P009,9,East,SUV EV,0
2024-05-06,P009,4,South,Compact EV,0
2024-05-13,P009,8,South,SUV EV,0
2024-05-20,P009,13,North,Delivery EV,1
2024-05-27,P009,7,West,Premium EV,0
2024-06-03,P009,4,North,Compact EV,0
2024-06-10,P009,8,North,Compact EV,0
2024-06-17,P009,7,Central,SUV EV,0
2024-06-24,P009,7,South,SUV EV,0
2024-07-01,P009,16,South,Compact EV,0
2024-07-08,P009,6,Central,Delivery EV,0
2024-07-15,P009,20,South,SUV EV,0
2024-07-22,P009,8,East,Premium EV,0
2024-07-29,P009,8,East,Compact EV,0
2024-08-05,P009,5,Central,Premium EV,0
2024-08-12,P009,9,South,SUV EV,0
2024-08-19,P009,11,West,Compact EV,0
2024-08-26,P009,18,Central,Premium EV,0
2024-09-02,P009,6,North,Compact EV,0
2024-09-09,P009,11,North,SUV EV,0
2024-09-16,P009,18,North,Delivery EV,0
2024-09-23,P009,12,South,Premium EV,0
2024-09-30,P009,10,South,Delivery EV,0
2024-10-07,P009,12,West,Premium EV,0
2024-10-14,P009,17,South,Delivery EV,0
2024-10-21,P009,11,West,Compact EV,0
2024-10-28,P009,14,East,Compact EV,0
2024-11-04,P009,12,Central,Compact EV,0
2024-11-11,P009,15,East,Compact EV,0
2024-11-18,P009,12,Central,Compact EV,0
2024-11-25,P009,14,South,Delivery EV,0
2024-12-02,P009,9,South,Compact EV,0
2024-12-09,P009,15,West,Compact EV,0
2024-12-16,P009,13,West,Premium EV,0
2024-12-23,P009,8,North,SUV EV,0
2024-12-30,P009,12,Central,Premium EV,0
2025-01-06,P009,9,South,SUV EV,0
2025-01-13,P009,12,Central,Compact EV,0
2025-01-20,P009,18,North,Compact EV,0
2025-01-27,P009,11,South,Compact EV,0
2025-02-03,P009,6,Central,SUV EV,0
2025-02-10,P009,10,East,Premium EV,0
2025-02-17,P009,12,South,Compact EV,0
2025-02-24,P009,16,South,SUV EV,0
2025-03-03,P009,12,Central,Premium EV,0
2025-03-10,P009,21,North,SUV EV,0
2025-03-17,P009,18,South,Compact EV,0
2025-03-24,P009,8,South,SUV EV,0
2025-03-31,P009,23,North,SUV EV,1
2025-04-07,P009,11,Central,Compact EV,0
2025-04-14,P009,11,West,Delivery EV,0
2025-04-21,P009,14,Central,Compact EV,0
2025-04-28,P009,12,East,Compact EV,0
2025-05-05,P009,20,South,SUV EV,0
2025-05-12,P009,8,South,Delivery EV,0
2025-05-19,P009,18,Central,SUV EV,0
2025-05-26,P009,20,South,Premium EV,1
2025-06-02,P009,17,East,Compact EV,0
2025-06-09,P009,18,East,Premium EV,0
2025-06-16,P009,16,Central,Compact EV,1
2025-06-23,P009,19,Central,Compact EV,0
2024-01-01,P010,6,South,Delivery EV,0
2024-01-08,P010,12,East,Compact EV,0
2024-01-15,P010,12,West,SUV EV,0
2024-01-22,P010,8,West,Compact EV,0
2024-01-29,P010,10,North,SUV EV,0
2024-02-05,P010,12,South,SUV EV,0
2024-02-12,P010,11,North,SUV EV,0
2024-02-19,P010,18,East,SUV EV,0
2024-02-26,P010,11,North,Premium EV,0
2024-03-04,P010,10,West,SUV EV,0
2024-03-11,P010,6,West,Delivery EV,0
2024-03-18,P010,10,West,Premium EV,0
2024-03-25,P010,8,Central,Compact EV,1
2024-04-01,P010,10,Central,SUV EV,1
2024-04-08,P010,8,South,Compact EV,0
2024-04-15,P010,4,North,SUV EV,0
2024-04-22,P010,9,North,Delivery EV,0
2024-04-29,P010,5,Central,SUV EV,0
2024-05-06,P010,3,West,Compact EV,0
2024-05-13,P010,5,South,Delivery EV,0
2024-05-20,P010,5,West,Premium EV,0
2024-05-27,P010,5,North,Delivery EV,0
2024-06-03,P010,9,North,Delivery EV,0
2024-06-10,P010,3,East,Compact EV,0
2024-06-17,P010,4,West,SUV EV,0
2024-06-24,P010,9,East,SUV EV,0
2024-07-01,P010,12,West,Premium EV,0
2024-07-08,P010,6,South,SUV EV,0
2024-07-15,P010,10,West,Premium EV,0
2024-07-22,P010,10,East,Compact EV,0
2024-07-29,P010,7,North,SUV EV,1
2024-08-05,P010,7,North,Compact EV,0
2024-08-12,P010,14,Central,SUV EV,0
2024-08-19,P010,15,East,Compact EV,0
2024-08-26,P010,15,North,Compact EV,0
2024-09-02,P010,14,West,Premium EV,0
2024-09-09,P010,8,East,Premium EV,0
2024-09-16,P010,5,Central,SUV EV,1
2024-09-23,P010,12,East,Compact EV,1
2024-09-30,P010,7,North,Compact EV,0
2024-10-07,P010,5,East,SUV EV,0
2024-10-14,P010,7,Central,Compact EV,0
2024-10-21,P010,4,West,Premium EV,0
2024-10-28,P010,5,West,Delivery EV,0
2024-11-04,P010,3,South,Delivery EV,0
2024-11-11,P010,9,East,Premium EV,0
2024-11-18,P010,5,South,Compact EV,0
2024-11-25,P010,7,East,Compact EV,0
2024-12-02,P010,14,South,Premium EV,0
2024-12-09,P010,3,Central,Compact EV,0
2024-12-16,P010,12,East,SUV EV,0
2024-12-23,P010,13,Central,Compact EV,0
2024-12-30,P010,7,East,Premium EV,0
2025-01-06,P010,11,Central,Compact EV,0
2025-01-13,P010,8,Central,Compact EV,0
2025-01-20,P010,7,East,Compact EV,0
2025-01-27,P010,22,East,SUV EV,0
2025-02-03,P010,7,East,Premium EV,0
2025-02-10,P010,7,South,Compact EV,0
2025-02-17,P010,12,East,Compact EV,0
2025-02-24,P010,8,West,SUV EV,0
2025-03-03,P010,7,West,Compact EV,0
2025-03-10,P010,5,North,SUV EV,0
2025-03-17,P010,8,North,SUV EV,0
2025-03-24,P010,3,South,SUV EV,0
2025-03-31,P010,11,North,Compact EV,1
2025-04-07,P010,12,East,SUV EV,0
2025-04-14,P010,8,South,Premium EV,0
2025-04-21,P010,4,West,Delivery EV,0
2025-04-28,P010,7,North,Compact EV,1
2025-05-05,P010,9,South,Compact EV,0
2025-05-12,P010,5,Central,Delivery EV,0
2025-05-19,P010,1,North,Premium EV,0
2025-05-26,P010,4,South,Premium EV,0
2025-06-02,P010,6,Central,Compact EV,0
2025-06-09,P010,7,West,Delivery EV,0
2025-06-16,P010,10,East,Compact EV,0
2025-06-23,P010,5,East,Compact EV,0
2024-01-01,P011,12,South,SUV EV,0
2024-01-08,P011,16,Central,Compact EV,0
2024-01-15,P011,21,North,Compact EV,0
2024-01-22,P011,23,North,SUV EV,0
2024-01-29,P011,28,South,SUV EV,0
2024-02-05,P011,22,South,Delivery EV,0
2024-02-12,P011,17,North,Compact EV,0
2024-02-19,P011,30,South,Compact EV,0
2024-02-26,P011,19,East,Compact EV,0
2024-03-04,P011,20,East,Compact EV,1
2024-03-11,P011,34,Central,Delivery EV,0
2024-03-18,P011,16,East,SUV EV,0
2024-03-25,P011,24,South,Delivery EV,1
2024-04-01,P011,10,East,Compact EV,0
2024-04-08,P011,10,North,Compact EV,0
2024-04-15,P011,15,North,SUV EV,0
2024-04-22,P011,14,West,Compact EV,1
2024-04-29,P011,13,East,Premium EV,0
2024-05-06,P011,15,East,Compact EV,0
2024-05-13,P011,8,East,Delivery EV,0
2024-05-20,P011,6,North,Compact EV,0
2024-05-27,P011,12,West,SUV EV,0
2024-06-03,P011,11,South,Compact EV,0
2024-06-10,P011,9,East,SUV EV,0
2024-06-17,P011,18,North,Compact EV,0
2024-06-24,P011,18,Central,Compact EV,0
2024-07-01,P011,12,North,Compact EV,0
2024-07-08,P011,18,West,Compact EV,0
2024-07-15,P011,22,West,Compact EV,0
2024-07-22,P011,13,East,Delivery EV,0
2024-07-29,P011,14,North,Premium EV,0
2024-08-05,P011,20,Central,Compact EV,0
2024-08-12,P011,16,Central,Compact EV,0
2024-08-19,P011,22,East,Premium EV,0
2024-08-26,P011,26,North,Premium EV,0
2024-09-02,P011,18,North,Delivery EV,0
2024-09-09,P011,26,North,Compact EV,1
2024-09-16,P011,28,South,Compact EV,0
2024-09-23,P011,13,East,SUV EV,0
2024-09-30,P011,14,South,Compact EV,0
2024-10-07,P011,11,East,Premium EV,0
2024-10-14,P011,16,East,SUV EV,0
2024-10-21,P011,18,Central,Delivery EV,0
2024-10-28,P011,16,South,SUV EV,0
2024-11-04,P011,8,West,Compact EV,0
2024-11-11,P011,11,South,SUV EV,0
2024-11-18,P011,11,West,Compact EV,0
2024-11-25,P011,14,West,SUV EV,1
2024-12-02,P011,8,West,Compact EV,0
2024-12-09,P011,19,South,SUV EV,0
2024-12-16,P011,8,South,SUV EV,0
2024-12-23,P011,19,Central,Premium EV,1
2024-12-30,P011,18,South,Premium EV,0
2025-01-06,P011,22,West,Compact EV,0
2025-01-13,P011,25,North,Compact EV,0
2025-01-20,P011,22,East,Compact EV,0
2025-01-27,P011,22,Central,Compact EV,0
2025-02-03,P011,35,North,Compact EV,0
2025-02-10,P011,14,Central,Compact EV,0
2025-02-17,P011,24,South,Premium EV,0
2025-02-24,P011,13,Central,Delivery EV,0
2025-03-03,P011,17,South,Premium EV,0
2025-03-10,P011,26,West,SUV EV,0
2025-03-17,P011,23,South,Compact EV,0
2025-03-24,P011,20,West,Compact EV,0
2025-03-31,P011,26,West,SUV EV,0
2025-04-07,P011,21,South,Delivery EV,0
2025-04-14,P011,12,Central,Compact EV,0
2025-04-21,P011,15,East,SUV EV,0
2025-04-28,P011,6,East,Compact EV,0
2025-05-05,P011,11,Central,Premium EV,0
2025-05-12,P011,18,East,Compact EV,1
2025-05-19,P011,15,East,Compact EV,0
2025-05-26,P011,21,South,SUV EV,1
2025-06-02,P011,13,West,SUV EV,0
2025-06-09,P011,12,West,Compact EV,0
2025-06-16,P011,18,North,Compact EV,0
2025-06-23,P011,17,South,Compact EV,0
2024-01-01,P012,9,Central,SUV EV,0
2024-01-08,P012,5,South,Compact EV,0
2024-01-15,P012,6,East,Premium EV,0
2024-01-22,P012,5,South,SUV EV,0
2024-01-29,P012,5,West,Delivery EV,0
2024-02-05,P012,6,East,Compact EV,0
2024-02-12,P012,7,South,SUV EV,0
2024-02-19,P012,5,North,Compact EV,0
2024-02-26,P012,8,South,Compact EV,0
2024-03-04,P012,6,South,Delivery EV,0
2024-03-11,P012,6,West,Premium EV,0
2024-03-18,P012,13,Central,SUV EV,1
2024-03-25,P012,8,South,SUV EV,0
2024-04-01,P012,4,North,Compact EV,0
2024-04-08,P012,8,South,Premium EV,0
2024-04-15,P012,7,West,Premium EV,0
2024-04-22,P012,6,West,Compact EV,0
2024-04-29,P012,5,West,Compact EV,0
2024-05-06,P012,2,South,Compact EV,0
2024-05-13,P012,4,West,SUV EV,0
2024-05-20,P012,8,East,Delivery EV,1
2024-05-27,P012,8,North,SUV EV,1
2024-06-03,P012,4,Central,Delivery EV,0
2024-06-10,P012,6,Central,Compact EV,0
2024-06-17,P012,6,West,Compact EV,0
2024-06-24,P012,6,South,Premium EV,0
2024-07-01,P012,6,South,SUV EV,0
2024-07-08,P012,6,West,Compact EV,0
2024-07-15,P012,3,South,Compact EV,0
2024-07-22,P012,4,East,Compact EV,0
2024-07-29,P012,7,North,Premium EV,0
2024-08-05,P012,3,East,Premium EV,0
2024-08-12,P012,5,South,Premium EV,0
2024-08-19,P012,3,South,Compact EV,0
2024-08-26,P012,9,East,Premium EV,0
2024-09-02,P012,3,Central,SUV EV,0
2024-09-09,P012,4,South,Compact EV,0
2024-09-16,P012,6,South,Compact EV,0
2024-09-23,P012,3,East,SUV EV,0
2024-09-30,P012,5,North,SUV EV,0
2024-10-07,P012,5,North,SUV EV,0
2024-10-14,P012,5,South,SUV EV,1
2024-10-21,P012,5,North,Delivery EV,0
2024-10-28,P012,3,South,Compact EV,0
2024-11-04,P012,4,South,Compact EV,0
2024-11-11,P012,4,Central,SUV EV,0
2024-11-18,P012,5,West,SUV EV,0
2024-11-25,P012,3,West,Compact EV,0
2024-12-02,P012,3,West,Delivery EV,0
2024-12-09,P012,5,Central,Compact EV,0
2024-12-16,P012,3,Central,Premium EV,0
2024-12-23,P012,5,North,Delivery EV,1
2024-12-30,P012,5,North,SUV EV,1
2025-01-06,P012,4,North,Premium EV,0
2025-01-13,P012,2,North,Compact EV,0
2025-01-20,P012,3,North,SUV EV,0
2025-01-27,P012,2,North,Compact EV,0
2025-02-03,P012,3,West,Premium EV,0
2025-02-10,P012,4,South,Compact EV,1
2025-02-17,P012,4,South,Delivery EV,0
2025-02-24,P012,1,Central,SUV EV,0
2025-03-03,P012,7,East,SUV EV,1
2025-03-10,P012,2,Central,SUV EV,0
2025-03-17,P012,6,East,Compact EV,0
2025-03-24,P012,3,Central,Compact EV,0
2025-03-31,P012,1,South,Compact EV,0
2025-04-07,P012,4,Central,SUV EV,0
2025-04-14,P012,4,South,Compact EV,1
2025-04-21,P012,1,South,SUV EV,0
2025-04-28,P012,4,North,SUV EV,0
2025-05-05,P012,2,West,Premium EV,0
2025-05-12,P012,4,South,Delivery EV,0
2025-05-19,P012,4,East,Delivery EV,0
2025-05-26,P012,3,North,Delivery EV,0
2025-06-02,P012,2,South,Delivery EV,0
2025-06-09,P012,3,East,SUV EV,0
2025-06-16,P012,2,East,SUV EV,0
2025-06-23,P012,1,West,Compact EV,0
2024-01-01,P013,0,North,Delivery EV,0
2024-01-08,P013,6,East,Compact EV,0
2024-01-15,P013,2,West,Compact EV,0
2024-01-22,P013,4,West,SUV EV,0
2024-01-29,P013,3,West,Delivery EV,0
2024-02-05,P013,4,South,Premium EV,1
2024-02-12,P013,3,Central,Compact EV,0
2024-02-19,P013,5,South,Delivery EV,0
2024-02-26,P013,3,South,Compact EV,0
2024-03-04,P013,9,North,Compact EV,1
2024-03-11,P013,4,West,Compact EV,1
2024-03-18,P013,2,East,Compact EV,0
2024-03-25,P013,2,East,SUV EV,0
2024-04-01,P013,3,North,Compact EV,0
2024-04-08,P013,3,South,Premium EV,0
2024-04-15,P013,3,East,SUV EV,0
2024-04-22,P013,1,East,Compact EV,0
2024-04-29,P013,5,East,SUV EV,1
2024-05-06,P013,3,West,Compact EV,0
2024-05-13,P013,3,South,Compact EV,1
2024-05-20,P013,4,North,SUV EV,0
2024-05-27,P013,4,North,Compact EV,0
2024-06-03,P013,4,South,Premium EV,0
2024-06-10,P013,3,Central,Compact EV,0
2024-06-17,P013,4,East,Compact EV,0
2024-06-24,P013,4,West,SUV EV,0
2024-07-01,P013,1,West,SUV EV,0
2024-07-08,P013,4,West,Compact EV,0
2024-07-15,P013,3,Central,SUV EV,0
2024-07-22,P013,5,East,Compact EV,0
2024-07-29,P013,3,South,Premium EV,1
2024-08-05,P013,7,South,SUV EV,0
2024-08-12,P013,6,North,Premium EV,0
2024-08-19,P013,2,North,Premium EV,0
2024-08-26,P013,3,North,SUV EV,0
2024-09-02,P013,3,East,Compact EV,0
2024-09-09,P013,4,Central,Delivery EV,0
2024-09-16,P013,5,Central,Compact EV,1
2024-09-23,P013,4,Central,Premium EV,0
2024-09-30,P013,4,Central,SUV EV,0
2024-10-07,P013,8,South,SUV EV,1
2024-10-14,P013,4,East,Premium EV,0
2024-10-21,P013,2,West,Premium EV,0
2024-10-28,P013,7,West,Premium EV,0
2024-11-04,P013,6,Central,Compact EV,0
2024-11-11,P013,2,North,Compact EV,0
2024-11-18,P013,4,West,SUV EV,0
2024-11-25,P013,1,West,SUV EV,0
2024-12-02,P013,4,North,Premium EV,0
2024-12-09,P013,4,North,Premium EV,0
2024-12-16,P013,3,East,Compact EV,0
2024-12-23,P013,3,South,Premium EV,0
2024-12-30,P013,8,Central,Compact EV,0
2025-01-06,P013,6,South,SUV EV,0
2025-01-13,P013,3,South,Delivery EV,0
2025-01-20,P013,3,East,Compact EV,0
2025-01-27,P013,3,North,SUV EV,0
2025-02-03,P013,2,Central,Delivery EV,0
2025-02-10,P013,3,Central,Compact EV,0
2025-02-17,P013,5,Central,Premium EV,0
2025-02-24,P013,6,North,Delivery EV,0
2025-03-03,P013,2,East,SUV EV,0
2025-03-10,P013,2,West,Compact EV,0
2025-03-17,P013,2,West,SUV EV,0
2025-03-24,P013,5,East,SUV EV,0
2025-03-31,P013,2,East,Compact EV,0
2025-04-07,P013,4,East,Premium EV,0
2025-04-14,P013,2,North,Compact EV,0
2025-04-21,P013,2,East,Premium EV,0
2025-04-28,P013,6,South,Compact EV,0
2025-05-05,P013,2,South,Premium EV,0
2025-05-12,P013,3,South,Premium EV,1
2025-05-19,P013,3,Central,Premium EV,0
2025-05-26,P013,2,Central,SUV EV,1
2025-06-02,P013,4,Central,Delivery EV,0
2025-06-09,P013,7,West,Delivery EV,0
2025-06-16,P013,4,North,SUV EV,0
2025-06-23,P013,4,North,Compact EV,0
2024-01-01,P014,2,West,SUV EV,0
2024-01-08,P014,3,North,SUV EV,1
2024-01-15,P014,4,East,SUV EV,0
2024-01-22,P014,4,East,Compact EV,0
2024-01-29,P014,2,West,Compact EV,0
2024-02-05,P014,5,East,SUV EV,0
2024-02-12,P014,5,West,Compact EV,0
2024-02-19,P014,3,South,SUV EV,0
2024-02-26,P014,1,South,Compact EV,0
2024-03-04,P014,3,South,Compact EV,0
2024-03-11,P014,0,East,Premium EV,0
2024-03-18,P014,2,West,Compact EV,0
2024-03-25,P014,3,East,Compact EV,0
2024-04-01,P014,3,North,SUV EV,0
2024-04-08,P014,5,West,SUV EV,0
2024-04-15,P014,3,Central,Compact EV,0
2024-04-22,P014,5,North,SUV EV,0
2024-04-29,P014,3,West,Delivery EV,0
2024-05-06,P014,3,Central,Premium EV,0
2024-05-13,P014,5,Central,SUV EV,0
2024-05-20,P014,5,West,Delivery EV,0
2024-05-27,P014,4,East,Premium EV,1
2024-06-03,P014,8,Central,Premium EV,1
2024-06-10,P014,3,East,Delivery EV,0
2024-06-17,P014,5,Central,Premium EV,0
2024-06-24,P014,5,North,Premium EV,0
2024-07-01,P014,8,East,Compact EV,1
2024-07-08,P014,5,North,Premium EV,1
2024-07-15,P014,5,West,Delivery EV,0
2024-07-22,P014,6,East,SUV EV,0
2024-07-29,P014,3,South,Compact EV,0
2024-08-05,P014,5,North,Compact EV,0
2024-08-12,P014,2,North,Compact EV,0
2024-08-19,P014,6,West,Compact EV,0
2024-08-26,P014,3,North,Premium EV,1
2024-09-02,P014,3,North,Compact EV,0
2024-09-09,P014,4,North,Premium EV,0
2024-09-16,P014,7,Central,Delivery EV,1
2024-09-23,P014,4,East,Premium EV,0
2024-09-30,P014,8,East,Compact EV,0
2024-10-07,P014,9,Central,Compact EV,0
2024-10-14,P014,4,West,Premium EV,0
2024-10-21,P014,6,North,Premium EV,0
2024-10-28,P014,5,East,Delivery EV,0
2024-11-04,P014,6,North,SUV EV,0
2024-11-11,P014,4,West,Premium EV,0
2024-11-18,P014,6,North,Compact EV,0
2024-11-25,P014,6,North,Premium EV,0
2024-12-02,P014,7,North,Delivery EV,0
2024-12-09,P014,3,South,Delivery EV,0
2024-12-16,P014,11,Central,Delivery EV,0
2024-12-23,P014,5,Central,SUV EV,0
2024-12-30,P014,4,South,Compact EV,0
2025-01-06,P014,6,East,Premium EV,0
2025-01-13,P014,7,Central,Compact EV,1
2025-01-20,P014,3,West,SUV EV,0
2025-01-27,P014,4,North,SUV EV,0
2025-02-03,P014,3,North,Compact EV,0
2025-02-10,P014,9,Central,Premium EV,0
2025-02-17,P014,7,West,SUV EV,0
2025-02-24,P014,11,East,Compact EV,0
2025-03-03,P014,8,Central,Premium EV,0
2025-03-10,P014,13,South,SUV EV,0
2025-03-17,P014,5,Central,SUV EV,0
2025-03-24,P014,6,North,Premium EV,0
2025-03-31,P014,6,South,Compact EV,0
2025-04-07,P014,4,North,Compact EV,0
2025-04-14,P014,7,North,Compact EV,0
2025-04-21,P014,11,West,SUV EV,0
2025-04-28,P014,6,North,Compact EV,0
2025-05-05,P014,3,West,Compact EV,0
2025-05-12,P014,2,East,Compact EV,0
2025-05-19,P014,6,East,Compact EV,0
2025-05-26,P014,8,East,SUV EV,0
2025-06-02,P014,13,North,Compact EV,1
2025-06-09,P014,8,West,Delivery EV,0
2025-06-16,P014,8,Central,Delivery EV,1
2025-06-23,P014,4,East,Compact EV,0
2024-01-01,P015,2,Central,SUV EV,1
2024-01-08,P015,8,Central,Compact EV,1
2024-01-15,P015,9,East,SUV EV,0
2024-01-22,P015,10,West,Premium EV,0
2024-01-29,P015,5,South,Premium EV,0
2024-02-05,P015,12,North,SUV EV,0
2024-02-12,P015,5,West,Compact EV,0
2024-02-19,P015,2,North,SUV EV,0
2024-02-26,P015,4,West,SUV EV,0
2024-03-04,P015,2,North,SUV EV,0
2024-03-11,P015,7,North,Compact EV,0
2024-03-18,P015,9,West,Compact EV,0
2024-03-25,P015,4,East,SUV EV,0
2024-04-01,P015,12,North,SUV EV,0
2024-04-08,P015,4,West,SUV EV,0
2024-04-15,P015,7,Central,SUV EV,0
2024-04-22,P015,7,South,Compact EV,0
2024-04-29,P015,11,Central,SUV EV,0
2024-05-06,P015,2,West,SUV EV,0
2024-05-13,P015,9,East,Delivery EV,0
2024-05-20,P015,7,West,Premium EV,0
2024-05-27,P015,8,South,Compact EV,1
2024-06-03,P015,6,Central,SUV EV,0
2024-06-10,P015,4,West,Premium EV,0
2024-06-17,P015,8,North,SUV EV,0
2024-06-24,P015,5,Central,Compact EV,0
2024-07-01,P015,6,South,Compact EV,0
2024-07-08,P015,7,South,Premium EV,0
2024-07-15,P015,6,South,SUV EV,0
2024-07-22,P015,6,West,SUV EV,0
2024-07-29,P015,2,East,Compact EV,0
2024-08-05,P015,5,South,SUV EV,0
2024-08-12,P015,5,South,Delivery EV,0
2024-08-19,P015,6,North,Compact EV,0
2024-08-26,P015,5,Central,Compact EV,0
2024-09-02,P015,3,West,Compact EV,0
2024-09-09,P015,9,Central,Compact EV,0
2024-09-16,P015,11,West,SUV EV,0
2024-09-23,P015,5,North,Compact EV,0
2024-09-30,P015,4,South,SUV EV,1
2024-10-07,P015,9,North,Delivery EV,0
2024-10-14,P015,7,North,Compact EV,0
2024-10-21,P015,8,South,Premium EV,1
2024-10-28,P015,8,Central,Compact EV,1
2024-11-04,P015,5,West,Compact EV,0
2024-11-11,P015,10,Central,SUV EV,0
2024-11-18,P015,8,West,Premium EV,0
2024-11-25,P015,7,Central,Compact EV,0
2024-12-02,P015,9,East,Compact EV,1
2024-12-09,P015,8,South,Compact EV,0
2024-12-16,P015,5,Central,Compact EV,0
2024-12-23,P015,3,South,Compact EV,0
2024-12-30,P015,5,West,Premium EV,0
2025-01-06,P015,9,East,Delivery EV,0
2025-01-13,P015,6,North,Delivery EV,0
2025-01-20,P015,6,North,Compact EV,0
2025-01-27,P015,7,Central,SUV EV,0
2025-02-03,P015,7,South,SUV EV,0
2025-02-10,P015,4,North,SUV EV,0
2025-02-17,P015,4,East,SUV EV,0
2025-02-24,P015,14,West,Compact EV,0
2025-03-03,P015,7,Central,Premium EV,0
2025-03-10,P015,6,North,SUV EV,0
2025-03-17,P015,5,East,Compact EV,0
2025-03-24,P015,5,Central,Compact EV,0
2025-03-31,P015,5,East,SUV EV,0
2025-04-07,P015,5,Central,Delivery EV,0
2025-04-14,P015,8,South,Delivery EV,0
2025-04-21,P015,10,East,SUV EV,0
2025-04-28,P015,7,West,Delivery EV,0
2025-05-05,P015,10,East,Compact EV,1
2025-05-12,P015,4,South,SUV EV,0
2025-05-19,P015,9,East,Premium EV,0
2025-05-26,P015,6,Central,Delivery EV,0
2025-06-02,P015,4,North,Delivery EV,0
2025-06-09,P015,14,North,SUV EV,0
2025-06-16,P015,10,South,SUV EV,1
2025-06-23,P015,11,East,Delivery EV,1
2024-01-01,P016,16,North,SUV EV,0
2024-01-08,P016,12,West,Delivery EV,0
2024-01-15,P016,13,Central,Delivery EV,0
2024-01-22,P016,12,East,Premium EV,0
2024-01-29,P016,9,North,Compact EV,0
2024-02-05,P016,14,South,Premium EV,0
2024-02-12,P016,19,West,Compact EV,0
2024-02-19,P016,19,South,SUV EV,0
2024-02-26,P016,11,Central,Premium EV,0
2024-03-04,P016,16,East,Delivery EV,0
2024-03-11,P016,17,South,Compact EV,0
2024-03-18,P016,20,South,SUV EV,0
2024-03-25,P016,24,North,Premium EV,1
2024-04-01,P016,11,East,Premium EV,0
2024-04-08,P016,18,South,Compact EV,0
2024-04-15,P016,15,West,Compact EV,0
2024-04-22,P016,21,Central,Delivery EV,0
2024-04-29,P016,22,Central,Compact EV,0
2024-05-06,P016,20,Central,Delivery EV,0
2024-05-13,P016,16,South,Compact EV,0
2024-05-20,P016,26,North,Compact EV,0
2024-05-27,P016,16,West,Compact EV,0
2024-06-03,P016,14,West,Compact EV,0
2024-06-10,P016,20,West,Premium EV,0
2024-06-17,P016,22,West,Compact EV,1
2024-06-24,P016,25,North,Compact EV,0
2024-07-01,P016,20,North,Premium EV,0
2024-07-08,P016,18,Central,Premium EV,0
2024-07-15,P016,34,Central,Premium EV,1
2024-07-22,P016,16,East,Compact EV,0
2024-07-29,P016,22,West,Compact EV,0
2024-08-05,P016,17,Central,SUV EV,0
2024-08-12,P016,14,Central,Compact EV,0
2024-08-19,P016,40,South,Compact EV,1
2024-08-26,P016,17,North,SUV EV,0
2024-09-02,P016,23,North,Compact EV,0
2024-09-09,P016,29,South,SUV EV,0
2024-09-16,P016,42,West,SUV EV,1
2024-09-23,P016,23,North,Premium EV,0
2024-09-30,P016,15,West,Compact EV,0
2024-10-07,P016,24,Central,Compact EV,0
2024-10-14,P016,24,North,Delivery EV,0
2024-10-21,P016,27,Central,SUV EV,0
2024-10-28,P016,26,South,Premium EV,0
2024-11-04,P016,29,East,Compact EV,0
2024-11-11,P016,34,East,Compact EV,0
2024-11-18,P016,20,West,SUV EV,0
2024-11-25,P016,30,South,Compact EV,0
2024-12-02,P016,32,East,Compact EV,1
2024-12-09,P016,40,West,SUV EV,1
2024-12-16,P016,28,South,SUV EV,0
2024-12-23,P016,26,South,Compact EV,0
2024-12-30,P016,22,Central,SUV EV,0
2025-01-06,P016,28,East,Delivery EV,0
2025-01-13,P016,32,South,Premium EV,0
2025-01-20,P016,28,North,Premium EV,0
2025-01-27,P016,27,North,Compact EV,0
2025-02-03,P016,23,South,Premium EV,0
2025-02-10,P016,25,Central,SUV EV,0
2025-02-17,P016,35,South,Compact EV,0
2025-02-24,P016,24,East,SUV EV,0
2025-03-03,P016,25,West,Compact EV,0
2025-03-10,P016,31,South,Delivery EV,0
2025-03-17,P016,51,North,Compact EV,1
2025-03-24,P016,36,East,SUV EV,0
2025-03-31,P016,33,East,SUV EV,0
2025-04-07,P016,31,West,Compact EV,0
2025-04-14,P016,30,North,Compact EV,0
2025-04-21,P016,40,East,Compact EV,1
2025-04-28,P016,25,South,Premium EV,0
2025-05-05,P016,42,East,SUV EV,0
2025-05-12,P016,39,West,Premium EV,0
2025-05-19,P016,43,North,SUV EV,1
2025-05-26,P016,27,Central,Premium EV,0
2025-06-02,P016,37,Central,SUV EV,0
2025-06-09,P016,39,South,Compact EV,0
2025-06-16,P016,37,West,Compact EV,0
2025-06-23,P016,35,East,SUV EV,0
2024-01-01,P017,18,West,SUV EV,0
2024-01-08,P017,27,Central,Delivery EV,0
2024-01-15,P017,24,South,Premium EV,0
2024-01-22,P017,19,North,Compact EV,0
2024-01-29,P017,32,North,Delivery EV,0
2024-02-05,P017,34,Central,Delivery EV,1
2024-02-12,P017,25,North,Compact EV,0
2024-02-19,P017,21,West,SUV EV,0
2024-02-26,P017,18,South,SUV EV,0
2024-03-04,P017,12,Central,Compact EV,0
2024-03-11,P017,19,Central,SUV EV,0
2024-03-18,P017,17,North,Premium EV,0
2024-03-25,P017,14,West,SUV EV,0
2024-04-01,P017,17,South,SUV EV,0
2024-04-08,P017,26,East,Compact EV,0
2024-04-15,P017,26,South,SUV EV,0
2024-04-22,P017,24,East,Delivery EV,0
2024-04-29,P017,29,North,Premium EV,1
2024-05-06,P017,29,South,Delivery EV,0
2024-05-13,P017,16,North,Premium EV,0
2024-05-20,P017,17,West,Premium EV,0
2024-05-27,P017,12,North,SUV EV,0
2024-06-03,P017,33,Central,Compact EV,0
2024-06-10,P017,17,Central,SUV EV,0
2024-06-17,P017,22,Central,Compact EV,0
2024-06-24,P017,19,South,Premium EV,1
2024-07-01,P017,16,North,SUV EV,0
2024-07-08,P017,25,South,SUV EV,0
2024-07-15,P017,23,Central,Delivery EV,1
2024-07-22,P017,17,Central,Compact EV,0
2024-07-29,P017,33,West,Compact EV,1
2024-08-05,P017,24,Central,Premium EV,0
2024-08-12,P017,21,South,Delivery EV,0
2024-08-19,P017,26,West,SUV EV,0
2024-08-26,P017,14,North,Compact EV,0
2024-09-02,P017,28,South,Compact EV,0
2024-09-09,P017,21,West,SUV EV,0
2024-09-16,P017,23,North,Compact EV,0
2024-09-23,P017,13,Central,Compact EV,0
2024-09-30,P017,23,West,Compact EV,0
2024-10-07,P017,20,South,SUV EV,0
2024-10-14,P017,22,South,Compact EV,0
2024-10-21,P017,20,Central,Premium EV,0
2024-10-28,P017,26,South,Premium EV,0
2024-11-04,P017,33,Central,Premium EV,0
2024-11-11,P017,19,East,SUV EV,0
2024-11-18,P017,18,East,SUV EV,0
2024-11-25,P017,19,North,SUV EV,0
2024-12-02,P017,24,North,Delivery EV,1
2024-12-09,P017,34,West,Compact EV,1
2024-12-16,P017,22,North,Delivery EV,1
2024-12-23,P017,28,East,SUV EV,0
2024-12-30,P017,21,South,Compact EV,0
2025-01-06,P017,29,South,Compact EV,0
2025-01-13,P017,19,North,SUV EV,0
2025-01-20,P017,41,Central,Compact EV,1
2025-01-27,P017,16,South,SUV EV,0
2025-02-03,P017,15,West,SUV EV,0
2025-02-10,P017,33,Central,SUV EV,1
2025-02-17,P017,18,South,Delivery EV,0
2025-02-24,P017,23,South,Compact EV,0
2025-03-03,P017,21,Central,Premium EV,0
2025-03-10,P017,19,West,Delivery EV,1
2025-03-17,P017,15,East,Compact EV,0
2025-03-24,P017,28,North,SUV EV,1
2025-03-31,P017,17,West,Compact EV,0
2025-04-07,P017,20,North,Compact EV,0
2025-04-14,P017,25,West,SUV EV,0
2025-04-21,P017,24,Central,Compact EV,0
2025-04-28,P017,22,North,Compact EV,0
2025-05-05,P017,28,Central,Compact EV,0
2025-05-12,P017,20,North,SUV EV,0
2025-05-19,P017,20,West,Premium EV,0
2025-05-26,P017,17,Central,SUV EV,0
2025-06-02,P017,19,West,SUV EV,0
2025-06-09,P017,19,West,SUV EV,0
2025-06-16,P017,24,South,SUV EV,0
2025-06-23,P017,27,West,SUV EV,0
2024-01-01,P018,12,North,SUV EV,0
2024-01-08,P018,9,South,Premium EV,0
2024-01-15,P018,13,South,SUV EV,0
2024-01-22,P018,15,East,Compact EV,0
2024-01-29,P018,13,Central,Compact EV,0
2024-02-05,P018,20,East,Premium EV,0
2024-02-12,P018,20,South,SUV EV,1
2024-02-19,P018,13,Central,Delivery EV,0
2024-02-26,P018,17,Central,SUV EV,0
2024-03-04,P018,17,South,Delivery EV,1
2024-03-11,P018,22,West,SUV EV,1
2024-03-18,P018,18,Central,Compact EV,0
2024-03-25,P018,17,East,SUV EV,0
2024-04-01,P018,15,East,SUV EV,0
2024-04-08,P018,29,Central,Compact EV,0
2024-04-15,P018,14,Central,SUV EV,0
2024-04-22,P018,21,North,Compact EV,0
2024-04-29,P018,20,Central,Premium EV,0
2024-05-06,P018,25,East,Compact EV,1
2024-05-13,P018,16,Central,Delivery EV,0
2024-05-20,P018,17,West,SUV EV,0
2024-05-27,P018,22,West,SUV EV,0
2024-06-03,P018,24,West,SUV EV,0
2024-06-10,P018,24,North,Compact EV,1
2024-06-17,P018,19,East,Premium EV,0
2024-06-24,P018,26,Central,Delivery EV,1
2024-07-01,P018,19,East,Premium EV,0
2024-07-08,P018,18,North,SUV EV,0
2024-07-15,P018,25,Central,Premium EV,1
2024-07-22,P018,22,North,Premium EV,0
2024-07-29,P018,17,North,SUV EV,1
2024-08-05,P018,25,South,Compact EV,0
2024-08-12,P018,27,South,SUV EV,0
2024-08-19,P018,22,South,Compact EV,0
2024-08-26,P018,23,West,Compact EV,0
2024-09-02,P018,22,South,Premium EV,0
2024-09-09,P018,27,East,Delivery EV,0
2024-09-16,P018,29,West,Compact EV,0
2024-09-23,P018,31,West,Delivery EV,1
2024-09-30,P018,19,South,Premium EV,0
2024-10-07,P018,31,North,Compact EV,0
2024-10-14,P018,30,Central,Delivery EV,0
2024-10-21,P018,40,South,SUV EV,1
2024-10-28,P018,39,North,SUV EV,1
2024-11-04,P018,26,West,SUV EV,0
2024-11-11,P018,28,South,Compact EV,0
2024-11-18,P018,28,West,Delivery EV,0
2024-11-25,P018,23,Central,Premium EV,0
2024-12-02,P018,26,East,Compact EV,0
2024-12-09,P018,31,Central,Compact EV,0
2024-12-16,P018,20,West,Delivery EV,0
2024-12-23,P018,38,East,SUV EV,1
2024-12-30,P018,26,East,Delivery EV,0
2025-01-06,P018,31,East,SUV EV,1
2025-01-13,P018,22,West,Delivery EV,1
2025-01-20,P018,37,South,Compact EV,0
2025-01-27,P018,31,Central,SUV EV,0
2025-02-03,P018,24,East,SUV EV,0
2025-02-10,P018,23,East,Delivery EV,0
2025-02-17,P018,34,Central,SUV EV,0
2025-02-24,P018,32,South,Premium EV,0
2025-03-03,P018,24,North,Compact EV,0
2025-03-10,P018,33,South,SUV EV,0
2025-03-17,P018,16,East,Compact EV,0
2025-03-24,P018,21,Central,SUV EV,0
2025-03-31,P018,36,North,SUV EV,0
2025-04-07,P018,31,North,Compact EV,0
2025-04-14,P018,40,West,SUV EV,0
2025-04-21,P018,41,South,Delivery EV,0
2025-04-28,P018,40,Central,SUV EV,0
2025-05-05,P018,31,North,SUV EV,0
2025-05-12,P018,40,North,Premium EV,0
2025-05-19,P018,41,North,Compact EV,1
2025-05-26,P018,33,East,SUV EV,0
2025-06-02,P018,33,North,Compact EV,0
2025-06-09,P018,35,South,Delivery EV,1
2025-06-16,P018,36,South,Compact EV,0
2025-06-23,P018,30,East,Delivery EV,0
2024-01-01,P019,31,North,Compact EV,0
2024-01-08,P019,26,Central,Delivery EV,0
2024-01-15,P019,21,East,SUV EV,0
2024-01-22,P019,28,West,Compact EV,0
2024-01-29,P019,17,South,Compact EV,0
2024-02-05,P019,36,South,SUV EV,0
2024-02-12,P019,34,North,Delivery EV,1
2024-02-19,P019,19,West,Compact EV,0
2024-02-26,P019,25,South,Compact EV,0
2024-03-04,P019,14,Central,Compact EV,0
2024-03-11,P019,29,East,Premium EV,0
2024-03-18,P019,18,North,SUV EV,0
2024-03-25,P019,26,North,SUV EV,1
2024-04-01,P019,24,North,SUV EV,0
2024-04-08,P019,37,South,Compact EV,0
2024-04-15,P019,33,North,Delivery EV,0
2024-04-22,P019,29,South,Compact EV,0
2024-04-29,P019,23,West,Compact EV,0
2024-05-06,P019,26,West,Compact EV,0
2024-05-13,P019,26,North,SUV EV,0
2024-05-20,P019,25,South,Compact EV,0
2024-05-27,P019,16,East,Compact EV,1
2024-06-03,P019,29,North,Compact EV,1
2024-06-10,P019,13,Central,Premium EV,0
2024-06-17,P019,27,South,SUV EV,0
2024-06-24,P019,41,North,Compact EV,0
2024-07-01,P019,22,North,Compact EV,0
2024-07-08,P019,29,Central,SUV EV,1
2024-07-15,P019,22,North,Compact EV,0
2024-07-22,P019,21,North,Compact EV,0
2024-07-29,P019,27,Central,SUV EV,0
2024-08-05,P019,18,West,Premium EV,0
2024-08-12,P019,26,South,SUV EV,0
2024-08-19,P019,27,South,Compact EV,0
2024-08-26,P019,22,Central,SUV EV,0
2024-09-02,P019,19,North,SUV EV,0
2024-09-09,P019,23,North,SUV EV,0
2024-09-16,P019,20,Central,Premium EV,0
2024-09-23,P019,25,East,SUV EV,0
2024-09-30,P019,28,East,Premium EV,0
2024-10-07,P019,31,Central,Premium EV,0
2024-10-14,P019,22,West,Premium EV,0
2024-10-21,P019,25,East,Delivery EV,0
2024-10-28,P019,25,West,Compact EV,1
2024-11-04,P019,32,North,Compact EV,0
2024-11-11,P019,29,East,Compact EV,0
2024-11-18,P019,29,West,Compact EV,0
2024-11-25,P019,23,North,Compact EV,1
2024-12-02,P019,36,Central,Compact EV,1
2024-12-09,P019,30,North,SUV EV,1
2024-12-16,P019,32,South,SUV EV,1
2024-12-23,P019,25,West,Compact EV,0
2024-12-30,P019,29,Central,Compact EV,0
2025-01-06,P019,23,West,Premium EV,0
2025-01-13,P019,39,North,Premium EV,0
2025-01-20,P019,33,South,Premium EV,0
2025-01-27,P019,25,North,Delivery EV,0
2025-02-03,P019,31,Central,SUV EV,0
2025-02-10,P019,36,Central,SUV EV,0
2025-02-17,P019,20,East,Compact EV,0
2025-02-24,P019,30,Central,Compact EV,0
2025-03-03,P019,29,West,Compact EV,0
2025-03-10,P019,19,North,Premium EV,0
2025-03-17,P019,25,West,SUV EV,0
2025-03-24,P019,24,Central,Compact EV,0
2025-03-31,P019,25,North,Delivery EV,0
2025-04-07,P019,18,West,SUV EV,0
2025-04-14,P019,31,South,Compact EV,0
2025-04-21,P019,26,South,Premium EV,0
2025-04-28,P019,24,East,Compact EV,0
2025-05-05,P019,26,Central,SUV EV,0
2025-05-12,P019,26,Central,Premium EV,0
2025-05-19,P019,22,East,Premium EV,0
2025-05-26,P019,22,North,Compact EV,0
2025-06-02,P019,18,South,Delivery EV,0
2025-06-09,P019,24,East,Delivery EV,0
2025-06-16,P019,18,West,Compact EV,0
2025-06-23,P019,35,West,Premium EV,0
2024-01-01,P020,4,North,Compact EV,1
2024-01-08,P020,5,East,SUV EV,0
2024-01-15,P020,4,Central,Delivery EV,0
2024-01-22,P020,4,West,Delivery EV,0
2024-01-29,P020,3,East,SUV EV,0
2024-02-05,P020,7,North,Compact EV,0
2024-02-12,P020,6,Central,Premium EV,0
2024-02-19,P020,3,South,Compact EV,0
2024-02-26,P020,3,North,SUV EV,0
2024-03-04,P020,5,West,SUV EV,0
2024-03-11,P020,2,East,Compact EV,0
2024-03-18,P020,3,North,Compact EV,0
2024-03-25,P020,5,Central,Premium EV,0
2024-04-01,P020,4,South,Premium EV,0
2024-04-08,P020,5,North,Compact EV,1
2024-04-15,P020,4,West,Compact EV,0
2024-04-22,P020,2,South,Premium EV,0
2024-04-29,P020,6,Central,SUV EV,0
2024-05-06,P020,5,West,Compact EV,0
2024-05-13,P020,5,Central,Compact EV,0
2024-05-20,P020,2,East,Compact EV,0
2024-05-27,P020,6,East,Compact EV,0
2024-06-03,P020,2,North,Compact EV,0
2024-06-10,P020,4,Central,SUV EV,0
2024-06-17,P020,3,East,SUV EV,0
2024-06-24,P020,3,West,Premium EV,0
2024-07-01,P020,2,South,Compact EV,0
2024-07-08,P020,2,South,Compact EV,0
2024-07-15,P020,3,North,Compact EV,0
2024-07-22,P020,2,West,Compact EV,0
2024-07-29,P020,4,East,SUV EV,1
2024-08-05,P020,4,South,SUV EV,0
2024-08-12,P020,4,South,Compact EV,0
2024-08-19,P020,4,East,SUV EV,0
2024-08-26,P020,3,East,Delivery EV,0
2024-09-02,P020,5,Central,Compact EV,0
2024-09-09,P020,2,East,SUV EV,0
2024-09-16,P020,3,West,SUV EV,0
2024-09-23,P020,5,West,SUV EV,0
2024-09-30,P020,6,North,Premium EV,1
2024-10-07,P020,4,South,Compact EV,0
2024-10-14,P020,4,North,SUV EV,0
2024-10-21,P020,4,East,Delivery EV,0
2024-10-28,P020,1,North,SUV EV,0
2024-11-04,P020,2,North,SUV EV,1
2024-11-11,P020,5,West,Premium EV,0
2024-11-18,P020,3,East,Premium EV,0
2024-11-25,P020,5,East,SUV EV,0
2024-12-02,P020,4,East,Compact EV,0
2024-12-09,P020,5,South,Premium EV,1
2024-12-16,P020,2,Central,Compact EV,0
2024-12-23,P020,4,West,SUV EV,0
2024-12-30,P020,4,Central,Delivery EV,0
2025-01-06,P020,2,West,Compact EV,0
2025-01-13,P020,3,East,Compact EV,0
2025-01-20,P020,2,Central,SUV EV,1
2025-01-27,P020,1,Central,Delivery EV,0
2025-02-03,P020,3,Central,SUV EV,0
2025-02-10,P020,2,Central,Premium EV,0
2025-02-17,P020,3,North,Compact EV,0
2025-02-24,P020,0,South,SUV EV,0
2025-03-03,P020,4,West,SUV EV,0
2025-03-10,P020,3,West,Premium EV,0
2025-03-17,P020,2,North,Delivery EV,0
2025-03-24,P020,5,East,Compact EV,0
2025-03-31,P020,2,East,SUV EV,0
2025-04-07,P020,1,Central,Premium EV,0
2025-04-14,P020,1,Central,SUV EV,0
2025-04-21,P020,2,East,Delivery EV,0
2025-04-28,P020,3,North,SUV EV,0
2025-05-05,P020,1,North,Premium EV,0
2025-05-12,P020,2,West,SUV EV,0
2025-05-19,P020,1,South,SUV EV,0
2025-05-26,P020,5,North,Compact EV,0
2025-06-02,P020,1,North,SUV EV,1
2025-06-09,P020,2,South,SUV EV,0
2025-06-16,P020,1,East,Compact EV,0
2025-06-23,P020,0,Central,Premium EV,0
2024-01-01,P021,12,Central,Delivery EV,0
2024-01-08,P021,15,West,Premium EV,0
2024-01-15,P021,12,West,SUV EV,0
2024-01-22,P021,21,North,Premium EV,0
2024-01-29,P021,22,East,SUV EV,0
2024-02-05,P021,20,Central,Delivery EV,0
2024-02-12,P021,25,West,Premium EV,0
2024-02-19,P021,24,West,Compact EV,1
2024-02-26,P021,21,Central,Premium EV,0
2024-03-04,P021,13,East,SUV EV,0
2024-03-11,P021,24,South,Compact EV,0
2024-03-18,P021,24,South,SUV EV,0
2024-03-25,P021,28,South,Compact EV,1
2024-04-01,P021,17,North,Delivery EV,0
2024-04-08,P021,20,North,Delivery EV,0
2024-04-15,P021,16,Central,SUV EV,0
2024-04-22,P021,16,North,Delivery EV,0
2024-04-29,P021,14,West,Premium EV,0
2024-05-06,P021,13,East,SUV EV,0
2024-05-13,P021,8,West,SUV EV,0
2024-05-20,P021,7,East,Premium EV,0
2024-05-27,P021,22,South,SUV EV,1
2024-06-03,P021,4,North,Compact EV,0
2024-06-10,P021,14,East,Delivery EV,0
2024-06-17,P021,12,East,Delivery EV,0
2024-06-24,P021,11,West,Delivery EV,0
2024-07-01,P021,22,South,Delivery EV,0
2024-07-08,P021,14,West,Compact EV,0
2024-07-15,P021,18,South,Premium EV,0
2024-07-22,P021,12,East,Compact EV,0
2024-07-29,P021,19,South,Compact EV,0
2024-08-05,P021,29,East,Compact EV,0
2024-08-12,P021,15,East,Premium EV,0
2024-08-19,P021,19,Central,SUV EV,0
2024-08-26,P021,23,Central,SUV EV,1
2024-09-02,P021,13,South,Compact EV,0
2024-09-09,P021,26,East,Compact EV,0
2024-09-16,P021,18,Central,Premium EV,0
2024-09-23,P021,12,East,Compact EV,0
2024-09-30,P021,17,Central,SUV EV,0
2024-10-07,P021,19,South,Delivery EV,0
2024-10-14,P021,15,Central,Premium EV,0
2024-10-21,P021,7,South,Delivery EV,0
2024-10-28,P021,15,East,Compact EV,0
2024-11-04,P021,9,Central,Delivery EV,0
2024-11-11,P021,11,East,Compact EV,0
2024-11-18,P021,10,East,Compact EV,1
2024-11-25,P021,11,South,SUV EV,0
2024-12-02,P021,15,East,SUV EV,0
2024-12-09,P021,19,South,SUV EV,1
2024-12-16,P021,20,East,SUV EV,1
2024-12-23,P021,11,East,SUV EV,0
2024-12-30,P021,19,South,SUV EV,1
2025-01-06,P021,30,East,Compact EV,0
2025-01-13,P021,26,South,SUV EV,0
2025-01-20,P021,20,South,Premium EV,0
2025-01-27,P021,12,Central,SUV EV,0
2025-02-03,P021,17,East,SUV EV,0
2025-02-10,P021,25,Central,Compact EV,0
2025-02-17,P021,15,West,Compact EV,0
2025-02-24,P021,30,North,Compact EV,0
2025-03-03,P021,24,East,Delivery EV,0
2025-03-10,P021,24,South,Delivery EV,0
2025-03-17,P021,18,West,Compact EV,0
2025-03-24,P021,14,Central,Compact EV,0
2025-03-31,P021,18,North,SUV EV,0
2025-04-07,P021,17,Central,Delivery EV,0
2025-04-14,P021,17,West,Compact EV,0
2025-04-21,P021,11,South,SUV EV,0
2025-04-28,P021,8,Central,SUV EV,0
2025-05-05,P021,10,South,SUV EV,0
2025-05-12,P021,12,East,SUV EV,0
2025-05-19,P021,14,Central,Delivery EV,0
2025-05-26,P021,10,East,Delivery EV,0
2025-06-02,P021,15,Central,SUV EV,0
2025-06-09,P021,19,West,Delivery EV,0
2025-06-16,P021,22,Central,Premium EV,1
2025-06-23,P021,18,West,Delivery EV,0
2024-01-01,P022,10,South,Compact EV,0
2024-01-08,P022,2,East,SUV EV,0
2024-01-15,P022,6,North,SUV EV,0
2024-01-22,P022,8,North,Compact EV,1
2024-01-29,P022,14,West,SUV EV,0
2024-02-05,P022,7,North,Premium EV,0
2024-02-12,P022,12,Central,Delivery EV,0
2024-02-19,P022,8,East,SUV EV,0
2024-02-26,P022,10,Central,SUV EV,1
2024-03-04,P022,7,South,Premium EV,1
2024-03-11,P022,3,East,Compact EV,0
2024-03-18,P022,9,West,Compact EV,0
2024-03-25,P022,13,North,SUV EV,0
2024-04-01,P022,7,North,Premium EV,0
2024-04-08,P022,12,South,Delivery EV,0
2024-04-15,P022,5,South,SUV EV,0
2024-04-22,P022,8,East,Delivery EV,0
2024-04-29,P022,9,Central,Compact EV,0
2024-05-06,P022,8,West,Delivery EV,0
2024-05-13,P022,8,North,Premium EV,0
2024-05-20,P022,16,South,Compact EV,0
2024-05-27,P022,11,South,SUV EV,0
2024-06-03,P022,5,Central,Premium EV,0
2024-06-10,P022,7,West,Delivery EV,0
2024-06-17,P022,11,West,Premium EV,0
2024-06-24,P022,8,South,SUV EV,0
2024-07-01,P022,9,East,SUV EV,1
2024-07-08,P022,12,East,Delivery EV,0
2024-07-15,P022,16,Central,SUV EV,0
2024-07-22,P022,7,South,SUV EV,0
2024-07-29,P022,10,Central,Compact EV,0
2024-08-05,P022,5,West,Compact EV,0
2024-08-12,P022,6,North,SUV EV,0
2024-08-19,P022,14,Central,Compact EV,0
2024-08-26,P022,13,East,SUV EV,0
2024-09-02,P022,10,Central,SUV EV,0
2024-09-09,P022,15,South,Compact EV,0
2024-09-16,P022,10,East,Premium EV,1
2024-09-23,P022,7,North,SUV EV,0
2024-09-30,P022,13,East,Premium EV,0
2024-10-07,P022,12,East,Delivery EV,1
2024-10-14,P022,18,Central,Compact EV,0
2024-10-21,P022,13,West,SUV EV,0
2024-10-28,P022,14,West,Premium EV,0
2024-11-04,P022,14,West,Compact EV,0
2024-11-11,P022,8,West,Delivery EV,0
2024-11-18,P022,7,North,Premium EV,0
2024-11-25,P022,14,West,Compact EV,0
2024-12-02,P022,12,North,Compact EV,0
2024-12-09,P022,12,West,SUV EV,0
2024-12-16,P022,11,Central,Compact EV,0
2024-12-23,P022,12,North,Compact EV,0
2024-12-30,P022,8,South,SUV EV,0
2025-01-06,P022,12,South,Compact EV,0
2025-01-13,P022,18,Central,Premium EV,0
2025-01-20,P022,13,North,Compact EV,0
2025-01-27,P022,11,North,Compact EV,0
2025-02-03,P022,18,Central,Compact EV,0
2025-02-10,P022,10,Central,Compact EV,0
2025-02-17,P022,20,East,Premium EV,0
2025-02-24,P022,17,West,Premium EV,0
2025-03-03,P022,17,West,SUV EV,0
2025-03-10,P022,19,South,Premium EV,0
2025-03-17,P022,12,East,SUV EV,0
2025-03-24,P022,14,Central,Compact EV,0
2025-03-31,P022,19,North,SUV EV,0
2025-04-07,P022,17,South,Premium EV,0
2025-04-14,P022,14,East,SUV EV,0
2025-04-21,P022,18,Central,Delivery EV,0
2025-04-28,P022,19,Central,Premium EV,0
2025-05-05,P022,18,West,SUV EV,0
2025-05-12,P022,12,Central,Premium EV,0
2025-05-19,P022,16,South,Compact EV,0
2025-05-26,P022,19,Central,SUV EV,0
2025-06-02,P022,15,East,Premium EV,0
2025-06-09,P022,13,East,Compact EV,0
2025-06-16,P022,21,Central,Compact EV,0
2025-06-23,P022,20,Central,SUV EV,0
2024-01-01,P023,18,North,Compact EV,0
2024-01-08,P023,20,North,Compact EV,0
2024-01-15,P023,18,North,Compact EV,0
2024-01-22,P023,24,East,SUV EV,0
2024-01-29,P023,17,West,Compact EV,0
2024-02-05,P023,13,West,SUV EV,0
2024-02-12,P023,14,North,Compact EV,0
2024-02-19,P023,14,West,Compact EV,0
2024-02-26,P023,14,West,SUV EV,0
2024-03-04,P023,18,North,SUV EV,0
2024-03-11,P023,13,North,Delivery EV,0
2024-03-18,P023,18,North,Premium EV,0
2024-03-25,P023,12,East,Compact EV,0
2024-04-01,P023,13,Central,Premium EV,0
2024-04-08,P023,23,East,Delivery EV,0
2024-04-15,P023,17,West,SUV EV,0
2024-04-22,P023,15,North,Premium EV,0
2024-04-29,P023,13,North,Compact EV,1
2024-05-06,P023,26,South,SUV EV,1
2024-05-13,P023,17,West,SUV EV,0
2024-05-20,P023,23,Central,Compact EV,0
2024-05-27,P023,21,West,SUV EV,0
2024-06-03,P023,26,West,SUV EV,1
2024-06-10,P023,25,Central,Compact EV,0
2024-06-17,P023,25,West,SUV EV,0
2024-06-24,P023,11,North,SUV EV,0
2024-07-01,P023,17,West,Premium EV,0
2024-07-08,P023,8,Central,Delivery EV,0
2024-07-15,P023,20,West,Compact EV,0
2024-07-22,P023,16,Central,Compact EV,0
2024-07-29,P023,13,South,Compact EV,0
2024-08-05,P023,16,Central,Compact EV,0
2024-08-12,P023,11,East,Delivery EV,0
2024-08-19,P023,28,Central,Premium EV,1
2024-08-26,P023,7,East,Compact EV,0
2024-09-02,P023,14,East,Delivery EV,1
2024-09-09,P023,15,East,Delivery EV,0
2024-09-16,P023,13,West,SUV EV,1
2024-09-23,P023,27,West,Premium EV,0
2024-09-30,P023,18,North,SUV EV,0
2024-10-07,P023,17,Central,Compact EV,0
2024-10-14,P023,23,West,Delivery EV,0
2024-10-21,P023,16,East,Compact EV,0
2024-10-28,P023,10,South,Compact EV,0
2024-11-04,P023,11,North,Premium EV,0
2024-11-11,P023,16,West,SUV EV,0
2024-11-18,P023,21,Central,Delivery EV,0
2024-11-25,P023,17,Central,Delivery EV,0
2024-12-02,P023,10,West,SUV EV,0
2024-12-09,P023,9,North,SUV EV,0
2024-12-16,P023,14,West,SUV EV,0
2024-12-23,P023,13,South,SUV EV,0
2024-12-30,P023,17,South,Premium EV,1
2025-01-06,P023,11,South,SUV EV,0
2025-01-13,P023,9,East,Compact EV,0
2025-01-20,P023,13,West,Compact EV,0
2025-01-27,P023,8,Central,SUV EV,0
2025-02-03,P023,9,North,Premium EV,0
2025-02-10,P023,10,Central,Compact EV,0
2025-02-17,P023,11,North,SUV EV,0
2025-02-24,P023,9,East,Delivery EV,0
2025-03-03,P023,11,West,Compact EV,0
2025-03-10,P023,13,South,SUV EV,0
2025-03-17,P023,8,West,Delivery EV,0
2025-03-24,P023,15,Central,Compact EV,0
2025-03-31,P023,5,South,Delivery EV,0
2025-04-07,P023,12,East,Compact EV,0
2025-04-14,P023,8,South,SUV EV,0
2025-04-21,P023,11,South,SUV EV,0
2025-04-28,P023,9,North,Delivery EV,0
2025-05-05,P023,10,North,Delivery EV,1
2025-05-12,P023,10,West,Premium EV,1
2025-05-19,P023,9,East,SUV EV,0
2025-05-26,P023,6,South,Compact EV,0
2025-06-02,P023,6,East,Compact EV,0
2025-06-09,P023,9,West,Delivery EV,0
2025-06-16,P023,8,North,SUV EV,1
2025-06-23,P023,11,South,Compact EV,0
2024-01-01,P024,11,South,Delivery EV,0
2024-01-08,P024,14,Central,Compact EV,1
2024-01-15,P024,9,West,SUV EV,0
2024-01-22,P024,18,East,Premium EV,1
2024-01-29,P024,17,South,Compact EV,0
2024-02-05,P024,16,South,Compact EV,0
2024-02-12,P024,7,Central,Compact EV,0
2024-02-19,P024,7,North,SUV EV,0
2024-02-26,P024,10,North,Premium EV,0
2024-03-04,P024,10,North,Compact EV,0
2024-03-11,P024,11,North,Premium EV,0
2024-03-18,P024,10,Central,SUV EV,0
2024-03-25,P024,12,North,Compact EV,0
2024-04-01,P024,7,East,SUV EV,0
2024-04-08,P024,9,West,Delivery EV,0
2024-04-15,P024,9,South,SUV EV,0
2024-04-22,P024,12,North,Compact EV,0
2024-04-29,P024,13,East,Premium EV,1
2024-05-06,P024,8,Central,Premium EV,0
2024-05-13,P024,8,North,SUV EV,0
2024-05-20,P024,10,North,Premium EV,0
2024-05-27,P024,11,West,Compact EV,0
2024-06-03,P024,5,West,Premium EV,0
2024-06-10,P024,6,North,Delivery EV,0
2024-06-17,P024,7,East,Compact EV,0
2024-06-24,P024,10,North,Compact EV,0
2024-07-01,P024,12,East,Delivery EV,0
2024-07-08,P024,15,East,Premium EV,1
2024-07-15,P024,11,Central,SUV EV,0
2024-07-22,P024,9,South,Compact EV,0
2024-07-29,P024,13,North,Delivery EV,0
2024-08-05,P024,9,South,Premium EV,0
2024-08-12,P024,5,West,Premium EV,1
2024-08-19,P024,10,South,Premium EV,0
2024-08-26,P024,13,North,Compact EV,0
2024-09-02,P024,9,East,SUV EV,0
2024-09-09,P024,13,North,Compact EV,0
2024-09-16,P024,3,West,SUV EV,0
2024-09-23,P024,7,West,Premium EV,0
2024-09-30,P024,15,Central,SUV EV,0
2024-10-07,P024,11,South,Compact EV,0
2024-10-14,P024,13,Central,Compact EV,0
2024-10-21,P024,11,South,Compact EV,0
2024-10-28,P024,18,North,Compact EV,1
2024-11-04,P024,9,North,Delivery EV,0
2024-11-11,P024,12,South,Compact EV,0
2024-11-18,P024,3,North,SUV EV,0
2024-11-25,P024,13,North,SUV EV,0
2024-12-02,P024,9,East,Compact EV,1
2024-12-09,P024,11,North,Compact EV,0
2024-12-16,P024,12,South,SUV EV,0
2024-12-23,P024,9,East,Compact EV,0
2024-12-30,P024,6,Central,Premium EV,0
2025-01-06,P024,10,East,Premium EV,0
2025-01-13,P024,17,West,Premium EV,0
2025-01-20,P024,9,North,Premium EV,0
2025-01-27,P024,6,Central,Delivery EV,0
2025-02-03,P024,15,West,Premium EV,0
2025-02-10,P024,9,East,SUV EV,0
2025-02-17,P024,13,South,SUV EV,0
2025-02-24,P024,10,North,Compact EV,0
2025-03-03,P024,15,East,Compact EV,1
2025-03-10,P024,9,Central,Compact EV,0
2025-03-17,P024,14,Central,Compact EV,1
2025-03-24,P024,4,Central,SUV EV,1
2025-03-31,P024,11,North,Delivery EV,1
2025-04-07,P024,8,East,SUV EV,0
2025-04-14,P024,6,West,SUV EV,0
2025-04-21,P024,8,North,Delivery EV,0
2025-04-28,P024,13,South,Delivery EV,0
2025-05-05,P024,8,Central,Premium EV,0
2025-05-12,P024,9,North,Compact EV,0
2025-05-19,P024,12,North,Premium EV,0
2025-05-26,P024,7,South,Delivery EV,0
2025-06-02,P024,8,Central,Premium EV,0
2025-06-09,P024,8,North,Premium EV,0
2025-06-16,P024,11,East,SUV EV,0
2025-06-23,P024,6,South,SUV EV,0
